Assembly (/P),Component (raw base),Quantity,Notes
H1-138CA/P,H1-138CA,1,base present
H1-138CA6/P,H1-138CA6,1,base present
H1-138ECA/P,H1-138ECA,1,base present
H1-138ILD/P,H1-138ILD,1,base present
H1-138ILE/P,H1-138ILE,1,base present
H1-138ILPE/P,H1-138ILPE,1,base present
H1-138RDCON/P,H1-138RDCON,1,base present
H1-1ILD/P,H1-1ILD,1,base present
H1-1ILE/P,H1-1ILE,1,base present
H1-1ILPS/P,H1-1ILPS,1,base present
H1-1ILS/P,H1-1ILS,1,base present
H1-1RDCON/P,H1-1RDCON,1,base present
H1-2RTRVERA-R/P,H1-2RTRVERA-R,1,base present
H1-2TRVEBA-B/P,H1-2TRVEBA-B,1,base present
H1-2TRVEBA-F/P,H1-2TRVEBA-F,1,base present
H1-2TRVERA-L/P,H1-2TRVERA-L,1,base present
H1-2TRVRAM/P,H1-2TRVRAM,1,base present
H1-2TRVSRA-L/P,H1-2TRVSRA-L,1,base present
H1-2TRVSRA-R/P,H1-2TRVSRA-R,1,base present
H1-2TRVSSC/P,H1-2TRVSSC,1,base present
H1-2TRVWBC/P,H1-2TRVWBC,1,base present
H1-2TRVWBDA/P,H1-2TRVWBDA,1,base present
H1-2TRVWBM/P,H1-2TRVWBM,1,base present
H1-75D6/P,H1-75D6,1,base present
H1-75IL6/P,H1-75IL6,1,base present
H1-75ILD/P,H1-75ILD,1,base present
H1-75ILE/P,H1-75ILE,1,base present
H1-75ILP6/P,H1-75ILP6,1,base present
H1-75ILPE/P,H1-75ILPE,1,base present
H1-75ILS/P,H1-75ILS,1,base present
H1-75S6BA/P,H1-75S6BA,1,base present
H1-75S6PA/P,H1-75S6PA,1,base present
H1-75SCB/P,H1-75SCB,1,base present
H1-138IMWP/P,H1-138IMWP,1,BASE ITEM NOT FOUND - confirm/create raw component
H1-1IMWP/P,H1-1IMWP,1,BASE ITEM NOT FOUND - confirm/create raw component
H1-2RCTMRHNG-B/P,H1-2RCTMRHNG-B,1,BASE ITEM NOT FOUND - confirm/create raw component
H1-2RCTMRHNG-T/P,H1-2RCTMRHNG-T,1,BASE ITEM NOT FOUND - confirm/create raw component
H1-2RCTWJNR/P,H1-2RCTWJNR,1,BASE ITEM NOT FOUND - confirm/create raw component
H1-2TRVRASIN/P,H1-2TRVRASIN,1,BASE ITEM NOT FOUND - confirm/create raw component
H1-2TRVRAWINC/P,H1-2TRVRAWINC,1,BASE ITEM NOT FOUND - confirm/create raw component
H1-2TRVSPLC/P,H1-2TRVSPLC,1,BASE ITEM NOT FOUND - confirm/create raw component
H1-75IMWP/P,H1-75IMWP,1,BASE ITEM NOT FOUND - confirm/create raw component
